1,mei_ricorico,ricorico_osu,2024-05-19T19:00,2024-05-19T23:00
1,mei_ricorico,ricorico_osu,2024-05-23T19:00,2024-05-23T23:00
1,mei_ricorico,ricorico_osu,2024-05-26T19:00,2024-05-26T23:00
1,mei_ricorico,ricorico_osu,2024-05-29T18:00,2024-05-29T23:00
1,ria_ricorico,ricorico_osu,2024-06-01T14:00,2024-06-01T23:00
1,ria_ricorico,ricorico_osu,2024-06-02T15:00,2024-06-02T23:00
1,ria_ricorico,ricorico_osu,2024-06-03T17:00,2024-06-03T23:00
1,ria_ricorico,ricorico_osu,2024-06-04T17:00,2024-06-04T23:00
1,ria_ricorico,ricorico_osu,2024-06-07T17:00,2024-06-07T23:00
1,ria_ricorico,ricorico_osu,2024-06-08T17:00,2024-06-08T23:00
1,ria_ricorico,ricorico_osu,2024-06-09T15:00,2024-06-09T23:00
1,ria_ricorico,ricorico_osu,2024-06-10T18:00,2024-06-10T23:00
1,ria_ricorico,ricorico_osu,2024-06-11T17:00,2024-06-11T23:00
1,ria_ricorico,ricorico_osu,2024-06-13T18:00,2024-06-13T23:00
1,ria_ricorico,ricorico_osu,2024-06-14T18:00,2024-06-14T23:00
1,ria_ricorico,ricorico_osu,2024-06-15T15:00,2024-06-15T23:00
1,sakura_bribbon,black_ribbon_c,2024-06-01T13:00,2024-06-01T23:00
1,sakura_bribbon,black_ribbon_c,2024-06-02T13:00,2024-06-02T22:00
1,sakura_bribbon,black_ribbon_c,2024-06-03T18:00,2024-06-03T23:00
1,sakura_bribbon,black_ribbon_c,2024-06-06T19:00,2024-06-06T23:00
1,sakura_bribbon,black_ribbon_c,2024-06-07T18:00,2024-06-07T23:00
1,sakura_bribbon,black_ribbon_c,2024-06-08T13:00,2024-06-08T22:00
1,sakura_bribbon,black_ribbon_c,2024-06-09T13:00,2024-06-09T17:00
1,sakura_bribbon,black_ribbon_c,2024-06-10T18:00,2024-06-10T23:00
1,sakura_bribbon,black_ribbon_c,2024-06-14T18:00,2024-06-14T23:00
1,sakura_bribbon,black_ribbon_c,2024-06-15T12:00,2024-06-15T17:00
1,goma_bribbon,black_ribbon_c,2024-06-01T13:00,2024-06-01T23:00
1,goma_bribbon,black_ribbon_c,2024-06-13T18:00,2024-06-13T23:00
1,__yoor_NDFL__,nyanderful_2023,2024-06-01T18:00,2024-06-01T23:00
1,__yoor_NDFL__,nyanderful_2023,2024-06-02T18:00,2024-06-03T01:00
1,__yoor_NDFL__,nyanderful_2023,2024-06-07T18:00,2024-06-07T23:30
1,__yoor_NDFL__,nyanderful_2023,2024-06-08T18:00,2024-06-09T01:00
1,__yoor_NDFL__,nyanderful_2023,2024-06-09T18:00,2024-06-10T01:00
1,__yoor_NDFL__,nyanderful_2023,2024-06-10T18:00,2024-06-10T23:00
1,__yoor_NDFL__,nyanderful_2023,2024-06-16T18:00,2024-06-17T01:00
1,misa_NDFL,nyanderful_2023,2024-06-01T18:00,2024-06-02T01:00
1,misa_NDFL,nyanderful_2023,2024-06-03T18:00,2024-06-04T01:00
1,misa_NDFL,nyanderful_2023,2024-06-05T18:00,2024-06-06T01:00
1,misa_NDFL,nyanderful_2023,2024-06-06T18:00,2024-06-07T01:00
1,misa_NDFL,nyanderful_2023,2024-06-07T18:00,2024-06-08T01:00
1,misa_NDFL,nyanderful_2023,2024-06-08T18:00,2024-06-09T01:00
1,misa_NDFL,nyanderful_2023,2024-06-12T20:00,2024-06-13T01:00
1,misa_NDFL,nyanderful_2023,2024-06-14T18:00,2024-06-15T01:00
1,misa_NDFL,nyanderful_2023,2024-06-15T18:00,2024-06-16T01:00
1,misa_NDFL,nyanderful_2023,2024-06-16T18:00,2024-06-17T01:00
1,PONCAFE_RAU,poncafe_osu,2024-06-05T16:00,2024-06-05T21:00
1,PONCAFE_RAU,poncafe_osu,2024-06-07T18:00,2024-06-07T23:00
1,PONCAFE_RAU,poncafe_osu,2024-06-12T16:00,2024-06-12T21:00
1,PONCAFE_RAU,poncafe_osu,2024-06-14T18:00,2024-06-14T23:00
1,1bom43,poncafe_osu,2024-06-01T20:30,2024-06-02T00:00
1,1bom43,poncafe_osu,2024-06-04T20:30,2024-06-05T00:00
1,1bom43,poncafe_osu,2024-06-07T20:30,2024-06-08T00:00
1,1bom43,poncafe_osu,2024-06-08T20:30,2024-06-09T00:00
1,1bom43,poncafe_osu,2024-06-11T20:30,2024-06-12T00:00
1,1bom43,poncafe_osu,2024-06-14T20:30,2024-06-15T00:00
1,1bom43,poncafe_osu,2024-06-15T20:30,2024-06-16T00:00
1,coco_petitplume,petitplume12,2024-06-01T18:00,2024-06-01T23:00
1,coco_petitplume,petitplume12,2024-06-06T18:00,2024-06-06T23:00
1,coco_petitplume,petitplume12,2024-06-07T18:00,2024-06-07T23:00
1,coco_petitplume,petitplume12,2024-06-15T18:00,2024-06-15T23:00
1,mihyo_ribbon,castle_ribbon,2024-06-03T18:00,2024-06-15T22:00
1,mihyo_ribbon,castle_ribbon,2024-06-05T18:00,2024-06-15T22:00
